epoch,train_loss,valid_intent_accuracy,valid_intent_macro_f1,valid_status_accuracy,valid_status_macro_f1,valid_item_active_accuracy,valid_menu_accuracy,valid_temperature_accuracy,valid_quantity_accuracy,valid_frame_accuracy,valid_order_exact_match,valid_single_item_em,valid_two_item_em,valid_three_item_em,valid_multi_item_em
1,8.172098271854292,0.8890884598114055,0.15071858621992992,0.7386618769645262,0.6008718292023862,0.968866936087412,0.7429126213592233,0.8477669902912621,0.22174757281553398,0.08396946564885496,0.11189873417721519,0.14915254237288136,0.0025,0.0,0.002
2,3.9410511325774507,0.9196228109564436,0.21117771117771117,0.9375841939829367,0.9398764821911104,0.9971561143541386,0.9739805825242719,0.9596116504854368,0.701747572815534,0.5846430175123485,0.6445569620253164,0.7566101694915254,0.38,0.05,0.314
3,1.4167552778867516,0.9272563987427032,0.25963184298625736,0.9712617871576111,0.9707497249662601,0.9971561143541386,0.9988349514563106,0.9794174757281553,0.9976699029126214,0.874719353390211,0.9645569620253165,0.9837288135593221,0.9225,0.85,0.908
4,0.578519934047989,0.9366861248316121,0.30372695547093403,0.9770992366412213,0.9780668016954706,0.9997006436162251,1.0,0.9840776699029126,0.9992233009708738,0.9030085316569376,0.9787341772151898,0.9959322033898305,0.9425,0.87,0.928
5,0.34246992218757655,0.962730130220027,0.5213003442718499,0.9838347552761563,0.9846183800623054,0.9998503218081125,1.0,0.9852427184466019,1.0,0.9362370902559497,0.9812658227848101,0.9979661016949153,0.945,0.88,0.932
6,0.22450102082885542,0.9883251010327795,0.8570281120101285,0.9856308935788056,0.9864225125054675,0.9998503218081125,1.0,0.9848543689320388,1.0,0.9654243376740009,0.980253164556962,0.9986440677966102,0.9375,0.88,0.926
7,0.16145010437002577,0.9874270318814549,0.8155097369802284,0.9919173776380781,0.9924232349014573,1.0,1.0,0.9856310679611651,1.0,0.9672204759766502,0.9817721518987341,0.9986440677966102,0.9475,0.87,0.932
8,0.12103467811433721,0.9964077233947014,0.9605855504303518,0.9896722047597665,0.9902579733689344,0.9998503218081125,1.0,0.9852427184466019,1.0,0.9784463403682083,0.9807594936708861,0.9993220338983051,0.94,0.87,0.926
9,0.10005864683665006,0.9991019308486754,0.9901006997781191,0.9892231701841042,0.9898168843791008,1.0,1.0,0.9867961165048543,1.0,0.9815895823978447,0.9832911392405064,0.9993220338983051,0.95,0.88,0.936
10,0.08812171843748287,0.9991019308486754,0.9901006997781191,0.9883251010327795,0.9889299354379175,1.0,1.0,0.9856310679611651,1.0,0.9806915132465199,0.9817721518987341,0.9993220338983051,0.9425,0.88,0.93
11,0.07879787476500863,0.9991019308486754,0.9901006997781191,0.9910193084867535,0.9915238161453491,1.0,1.0,0.9875728155339806,1.0,0.9824876515491693,0.9837974683544304,1.0,0.945,0.9,0.936
12,0.06652700350693667,0.9991019308486754,0.9901006997781191,0.9905702739110912,0.9911253875220702,0.9998503218081125,1.0,0.989126213592233,1.0,0.9829366861248316,0.9853164556962025,1.0,0.9525,0.9,0.942
13,0.06504566952609493,0.9991019308486754,0.9901006997781191,0.9914683430624158,0.9919705887104445,0.9998503218081125,1.0,0.9867961165048543,1.0,0.9824876515491693,0.9827848101265823,1.0,0.9475,0.87,0.932
14,0.06569211013063903,0.9991019308486754,0.9901006997781191,0.9905702739110912,0.9911253875220702,1.0,1.0,0.9856310679611651,1.0,0.9815895823978447,0.9822784810126582,1.0,0.9475,0.86,0.93
15,0.05781703799669572,0.9991019308486754,0.9901006997781191,0.9896722047597665,0.9902242735645311,1.0,1.0,0.9871844660194175,1.0,0.9833857207004939,0.9832911392405064,1.0,0.945,0.89,0.934
16,0.05201742898746084,0.9991019308486754,0.9901006997781191,0.9901212393354288,0.9906868696221763,1.0,1.0,0.9864077669902913,1.0,0.9824876515491693,0.9827848101265823,1.0,0.9425,0.89,0.932
17,0.05509414322463478,0.9991019308486754,0.9901006997781191,0.9905702739110912,0.9911051061194618,1.0,1.0,0.9864077669902913,1.0,0.9829366861248316,0.9827848101265823,1.0,0.9425,0.89,0.932
18,0.049150875647907065,0.9991019308486754,0.9901006997781191,0.9896722047597665,0.990280186333696,1.0,1.0,0.9875728155339806,1.0,0.9829366861248316,0.9843037974683544,1.0,0.95,0.89,0.938
