line,text,reason
3,아아 한 잔 주세요,아메리카노 전용 축약어
12,차가운 아메리카노 한 잔 주세요,정규화 후 중복
13,시원한 아메리카노 한 잔 주세요,정규화 후 중복
15,아아 한잔 주세요,아메리카노 전용 축약어
24,차가운 아메리카노 한잔 주세요,정규화 후 중복
25,시원한 아메리카노 한잔 주세요,정규화 후 중복
27,아아 하나 주세요,아메리카노 전용 축약어
36,차가운 아메리카노 하나 주세요,정규화 후 중복
37,시원한 아메리카노 하나 주세요,정규화 후 중복
39,아아 한개 주세요,아메리카노 전용 축약어
48,차가운 아메리카노 한개 주세요,정규화 후 중복
49,시원한 아메리카노 한개 주세요,정규화 후 중복
51,아아 한 잔 주문 할게요,아메리카노 전용 축약어
60,차가운 아메리카노 한 잔 주문 할게요,정규화 후 중복
61,시원한 아메리카노 한 잔 주문 할게요,정규화 후 중복
63,아아 한잔 주문 할게요,아메리카노 전용 축약어
72,차가운 아메리카노 한잔 주문 할게요,정규화 후 중복
73,시원한 아메리카노 한잔 주문 할게요,정규화 후 중복
75,아아 하나 주문 할게요,아메리카노 전용 축약어
84,차가운 아메리카노 하나 주문 할게요,정규화 후 중복
85,시원한 아메리카노 하나 주문 할게요,정규화 후 중복
87,아아 한개 주문 할게요,아메리카노 전용 축약어
96,차가운 아메리카노 한개 주문 할게요,정규화 후 중복
97,시원한 아메리카노 한개 주문 할게요,정규화 후 중복
99,아아 한 잔 부탁해요,아메리카노 전용 축약어
108,차가운 아메리카노 한 잔 부탁해요,정규화 후 중복
109,시원한 아메리카노 한 잔 부탁해요,정규화 후 중복
111,아아 한잔 부탁해요,아메리카노 전용 축약어
120,차가운 아메리카노 한잔 부탁해요,정규화 후 중복
121,시원한 아메리카노 한잔 부탁해요,정규화 후 중복
123,아아 하나 부탁해요,아메리카노 전용 축약어
132,차가운 아메리카노 하나 부탁해요,정규화 후 중복
133,시원한 아메리카노 하나 부탁해요,정규화 후 중복
135,아아 한개 부탁해요,아메리카노 전용 축약어
144,차가운 아메리카노 한개 부탁해요,정규화 후 중복
145,시원한 아메리카노 한개 부탁해요,정규화 후 중복
147,아아 한 잔이요,아메리카노 전용 축약어
156,차가운 아메리카노 한 잔이요,정규화 후 중복
157,시원한 아메리카노 한 잔이요,정규화 후 중복
159,아아 한잔이요,아메리카노 전용 축약어
168,차가운 아메리카노 한잔이요,정규화 후 중복
169,시원한 아메리카노 한잔이요,정규화 후 중복
171,아아 하나요,아메리카노 전용 축약어
180,차가운 아메리카노 하나요,정규화 후 중복
181,시원한 아메리카노 하나요,정규화 후 중복
183,아아 한개요,아메리카노 전용 축약어
192,차가운 아메리카노 한개요,정규화 후 중복
193,시원한 아메리카노 한개요,정규화 후 중복
195,아아 한 잔,아메리카노 전용 축약어
204,차가운 아메리카노 한 잔,정규화 후 중복
205,시원한 아메리카노 한 잔,정규화 후 중복
207,아아 한잔,아메리카노 전용 축약어
216,차가운 아메리카노 한잔,정규화 후 중복
217,시원한 아메리카노 한잔,정규화 후 중복
219,아아 하나,아메리카노 전용 축약어
228,차가운 아메리카노 하나,정규화 후 중복
229,시원한 아메리카노 하나,정규화 후 중복
231,아아 한개,아메리카노 전용 축약어
240,차가운 아메리카노 한개,정규화 후 중복
241,시원한 아메리카노 한개,정규화 후 중복
243,아아 한 잔 줘,아메리카노 전용 축약어
250,커피 차갑게 한 잔 내오지그래,다른 메뉴로 치환할 수 없는 아메리카노 전용 표현
251,커피 물탄거 시원하게 한 잔 주이소,다른 메뉴로 치환할 수 없는 아메리카노 전용 표현
252,차가운 아메리카노 한 잔 줄래,정규화 후 중복
255,아아 한잔만요,아메리카노 전용 축약어
267,아아 하나 주시지 그래,아메리카노 전용 축약어
268,아메리카노 하나 차갑게,정규화 후 중복
