epoch,train_loss,valid_loss,valid_intent_accuracy,valid_intent_macro_f1,valid_status_accuracy,valid_status_macro_f1,valid_item_active_accuracy,valid_menu_accuracy,valid_temperature_accuracy,valid_quantity_accuracy,valid_frame_accuracy
1,7.866702323402864,5.016204550618031,0.9051282051282051,0.23779785139298149,0.8697435897435898,0.6370952516995211,0.969059829059829,0.7224094355518113,0.8542544229149115,0.14111204717775905,0.06307692307692307
2,4.517019767035986,3.1061932537399355,0.9415384615384615,0.34987792560485353,0.936923076923077,0.8939338059841101,0.9784615384615385,0.8761583824768323,0.9064869418702611,0.43470935130581295,0.3764102564102564
3,2.43916646742647,1.2286626387570725,0.9579487179487179,0.5255670297546344,0.9487179487179487,0.9067200135679981,0.9905982905982906,0.9545071609098568,0.9465037910699242,0.8753159224936815,0.7774358974358975
4,1.2075930286694203,0.5910763839168138,0.9733333333333334,0.7177101227087215,0.978974358974359,0.9672260102431105,0.9969230769230769,0.959983150800337,0.9629317607413648,0.9524010109519798,0.877948717948718
5,0.7026167417518483,0.3522587872003434,0.9892307692307692,0.9069710883794049,0.9841025641025641,0.9748750847141774,0.9989743589743589,0.9802021903959562,0.9743049705139006,0.9679865206402696,0.9164102564102564
6,0.45644604612671125,0.21764616120881478,0.9969230769230769,0.968660100856263,0.9856410256410256,0.9773460186458811,0.9991452991452991,0.9924178601516428,0.9839932603201348,0.9772535804549284,0.9461538461538461
7,0.29153508718765064,0.12789375759416916,0.997948717948718,0.9752628324056897,0.9892307692307692,0.9833832550350853,0.9991452991452991,0.997893850042123,0.9865206402695872,0.9928390901432183,0.9707692307692307
8,0.18933827236535636,0.09871552840493558,0.9984615384615385,0.9819501372541646,0.9861538461538462,0.9791246054028742,0.9996581196581197,0.9983150800336984,0.989469250210615,0.9966301600673968,0.9738461538461538
9,0.1396441469274339,0.08001268461067992,0.9989743589743589,0.9882783882783883,0.9902564102564102,0.9851157258557729,0.9994871794871795,0.9987363100252739,0.9882055602358888,0.9983150800336984,0.98
10,0.1066895155747165,0.08359697301391146,1.0,1.0,0.9876923076923076,0.9809129448881001,0.9994871794871795,0.9987363100252739,0.9886267902274642,0.997893850042123,0.98
11,0.09265440428788131,0.09366334380904502,1.0,1.0,0.9887179487179487,0.9825626225875519,0.9994871794871795,0.9987363100252739,0.989469250210615,0.997893850042123,0.9825641025641025
12,0.08487595589897207,0.07681581760913164,1.0,1.0,0.9897435897435898,0.9845618256051326,0.9996581196581197,0.9995787700084247,0.9877843302443134,0.9991575400168492,0.9815384615384616
13,0.07304414179840232,0.09491019025750336,1.0,1.0,0.9902564102564102,0.9847073594585382,0.9993162393162394,0.9987363100252739,0.989469250210615,0.9987363100252739,0.9841025641025641
14,0.06652387255359142,0.08211959105702575,1.0,1.0,0.9902564102564102,0.9854514224369296,0.9998290598290598,0.9995787700084247,0.9886267902274642,0.9991575400168492,0.9825641025641025
15,0.06460034651919276,0.06998798181756102,1.0,1.0,0.9897435897435898,0.9841478387159562,0.9996581196581197,0.9995787700084247,0.9886267902274642,0.9991575400168492,0.9830769230769231
16,0.05287204603684722,0.07263513432303252,1.0,1.0,0.9892307692307692,0.9833832550350853,1.0,0.9995787700084247,0.9890480202190396,0.9991575400168492,0.9835897435897436
